{"close": [2564.0, 2564.0, 2564.0, 2564.0, 2564.0, 2564.0, 2564.0, 2564.0, 2564.0, 2564.0, 2564.0, 2564.0, 2564.0, 2550.0, 2500.5, 2500.5, 2500.0, 2500.0, 2550.0, 2550.0, 2500.0, 2500.0, 2500.0, 2550.0, 2550.0, 2550.0, 2550.0, 2550.0, 2550.0, 2550.0, 2550.0, 2550.0, 2550.0, 2550.0, 2550.0, 2550.0, 2550.0, 2500.0, 2500.0, 2500.0, 2500.0, 2500.0, 2500.0, 2500.0, 2375.0, 2375.0, 2375.0, 2375.0, 2375.0, 2375.0, 2375.0, 2375.0, 2375.0, 2375.0, 2375.0, 2375.0, 2375.0, 2375.0, 2256.5, 2144.0, 2037.0, 1935.5, 1935.5, 1935.5, 1935.5, 1815.0, 1815.0, 1815.0, 1815.0, 1815.0, 1815.0, 1815.0, 1815.0, 1815.0, 1815.0, 1815.0, 1815.0, 1815.0, 1815.0, 1702.0, 1596.0, 1496.5, 1496.5, 1403.0, 1403.0, 1320.5, 1260.0, 1181.5, 1115.0, 1115.0, 1115.0, 1115.0, 1115.0, 1115.0, 1121.0, 1125.0, 1125.0, 1125.0, 1125.0, 1125.0, 1125.0, 1125.0, 1130.0, 1135.5, 1135.5, 1200.0, 1200.0, 1225.0, 1225.0, 1201.5, 1190.0, 1190.0, 1125.0, 1125.0, 1190.0, 1190.0, 1190.0, 1190.0, 1190.0, 1190.0, 1190.0, 1190.0, 1190.0, 1190.0, 1190.0, 1190.0, 1190.0, 1190.0, 1117.0, 1117.0, 1186.0, 1186.0, 1186.0, 1186.0, 1186.0, 1186.0, 1116.0, 1116.0, 1116.0, 1116.0, 1116.0, 1116.0, 1116.0, 1116.0], "volume": [0.0, 0.0, 0.0, 0.0, 0.0, 0.0, 0.0, 0.0, 0.0, 0.0, 0.0, 4.0, 0.0, 2.0, 300.0, 693.0, 500.0, 0.0, 1.0, 0.0, 2.0, 0.0, 37.0, 1.0, 0.0, 0.0, 0.0, 0.0, 0.0, 0.0, 0.0, 2.0, 0.0, 0.0, 0.0, 0.0, 0.0, 33.0, 0.0, 4.0, 0.0, 0.0, 0.0, 0.0, 6.0, 0.0, 0.0, 0.0, 0.0, 0.0, 0.0, 0.0, 0.0, 0.0, 0.0, 0.0, 0.0, 0.0, 1.0, 5.0, 3.0, 4.0, 0.0, 0.0, 0.0, 35.0, 0.0, 0.0, 0.0, 0.0, 0.0, 0.0, 0.0, 0.0, 0.0, 0.0, 0.0, 0.0, 0.0, 4.0, 52.0, 1.0, 0.0, 1.0, 7.0, 2.0, 1.0, 15.0, 2.0, 0.0, 0.0, 0.0, 1.0, 0.0, 6.0, 1.0, 0.0, 1.0, 0.0, 0.0, 0.0, 0.0, 34.0, 1.0, 0.0, 1.0, 0.0, 8976.0, 0.0, 41.0, 1.0, 0.0, 1.0, 0.0, 1.0, 0.0, 0.0, 0.0, 0.0, 0.0, 0.0, 0.0, 0.0, 0.0, 0.0, 0.0, 0.0, 0.0, 34.0, 0.0, 36.0, 0.0, 0.0, 0.0, 0.0, 0.0, 1.0, 0.0, 0.0, 0.0, 0.0, 0.0, 0.0, 0.0], "return": [0.0, 0.0, 0.0, 0.0, 0.0, 0.0, 0.0, 0.0, 0.0, 0.0, 0.0, 0.0, 0.0, -0.005460218408736339, -0.01941176470588235, 0.0, -0.00019996000799837876, 0.0, 0.020000000000000018, 0.0, -0.019607843137254943, 0.0, 0.0, 0.020000000000000018, 0.0, 0.0, 0.0, 0.0, 0.0, 0.0, 0.0, 0.0, 0.0, 0.0, 0.0, 0.0, 0.0, -0.019607843137254943, 0.0, 0.0, 0.0, 0.0, 0.0, 0.0, -0.050000000000000044, 0.0, 0.0, 0.0, 0.0, 0.0, 0.0, 0.0, 0.0, 0.0, 0.0, 0.0, 0.0, 0.0, -0.049894736842105214, -0.04985597163749167, -0.049906716417910446, -0.04982817869415812, 0.0, 0.0, 0.0, -0.06225781451821233, 0.0, 0.0, 0.0, 0.0, 0.0, 0.0, 0.0, 0.0, 0.0, 0.0, 0.0, 0.0, 0.0, -0.062258953168044084, -0.062279670975323165, -0.06234335839598992, 0.0, -0.06247911794186434, 0.0, -0.05880256593014965, -0.045815978795910595, -0.0623015873015873, -0.05628438425730009, 0.0, 0.0, 0.0, 0.0, 0.0, 0.0053811659192826156, 0.003568242640499486, 0.0, 0.0, 0.0, 0.0, 0.0, 0.0, 0.004444444444444473, 0.004867256637168138, 0.0, 0.05680317040951133, 0.0, 0.02083333333333326, 0.0, -0.019183673469387763, -0.009571369121930906, 0.0, -0.054621848739495826, 0.0, 0.057777777777777706, 0.0, 0.0, 0.0, 0.0, 0.0, 0.0, 0.0, 0.0, 0.0, 0.0, 0.0, 0.0, 0.0, -0.061344537815126055, 0.0, 0.061772605192479846, 0.0, 0.0, 0.0, 0.0, 0.0, -0.05902192242833049, 0.0, 0.0, 0.0, 0.0, 0.0, 0.0, 0.0], "ma20": [2570.525, 2571.225, 2571.925, 2572.625, 2573.325, 2574.025, 2574.725, 2575.425, 2576.125, 2576.825, 2577.525, 2578.225, 2578.925, 2563.3, 2560.125, 2556.95, 2553.75, 2550.55, 2549.85, 2549.15, 2545.95, 2542.75, 2539.55, 2538.85, 2538.15, 2537.45, 2536.75, 2536.05, 2535.35, 2534.65, 2533.95, 2533.25, 2532.55, 2532.55, 2535.025, 2537.5, 2540.0, 2547.5, 2545.0, 2542.5, 2540.0, 2537.5, 2535.0, 2532.5, 2523.75, 2515.0, 2506.25, 2497.5, 2488.75, 2480.0, 2471.25, 2462.5, 2453.75, 2445.0, 2436.25, 2427.5, 2418.75, 2412.5, 2369.075, 2357.525, 2340.625, 2318.65, 2296.675, 2274.7, 2252.725, 2224.725, 2196.725, 2168.725, 2140.725, 2112.725, 2084.725, 2056.725, 2028.725, 2000.725, 1972.725, 1944.725, 1916.725, 1888.725, 1866.65, 1833.45, 1816.475, 1794.525, 1772.575, 1745.95, 1725.35, 1700.625, 1672.875, 1641.2, 1606.2, 1571.2, 1536.2, 1501.2, 1466.2, 1431.2, 1396.5, 1362.0, 1327.5, 1293.0, 1258.5, 1229.65, 1206.1, 1187.525, 1169.2, 1155.825, 1142.45, 1136.425, 1133.425, 1135.6, 1141.1, 1145.425, 1149.175, 1152.925, 1153.425, 1153.925, 1157.375, 1160.625, 1163.875, 1167.125, 1170.375, 1173.625, 1176.875, 1180.125, 1183.125, 1185.85, 1188.575, 1188.075, 1187.575, 1185.825, 1186.35, 1182.7, 1182.5, 1182.3, 1182.1, 1181.9, 1181.7, 1181.5, 1177.8, 1174.1, 1170.4, 1166.7, 1163.0, 1159.3, 1155.6, 1151.9], "ma50": [2569.13, 2568.5, 2567.87, 2567.24, 2566.61, 2565.98, 2565.35, 2564.72, 2564.09, 2563.46, 2562.83, 2562.2, 2561.57, 2564.09, 2563.1, 2562.11, 2561.11, 2560.11, 2560.11, 2560.11, 2559.11, 2558.11, 2557.11, 2557.11, 2557.11, 2557.11, 2557.11, 2557.11, 2557.11, 2557.11, 2557.11, 2557.11, 2557.11, 2557.11, 2557.11, 2557.11, 2557.11, 2543.14, 2541.86, 2540.58, 2539.3, 2538.02, 2537.02, 2537.01, 2534.5, 2532.0, 2529.5, 2526.0, 2522.5, 2520.0, 2517.5, 2515.0, 2511.5, 2508.0, 2504.5, 2501.0, 2497.5, 2494.0, 2456.63, 2448.51, 2438.25, 2425.96, 2413.67, 2401.38, 2389.09, 2374.39, 2359.69, 2344.99, 2330.29, 2315.59, 2300.89, 2286.19, 2271.49, 2256.79, 2242.09, 2227.39, 2212.69, 2197.99, 2184.29, 2154.63, 2136.55, 2116.48, 2096.41, 2074.47, 2055.03, 2033.94, 2011.64, 1987.77, 1962.57, 1937.37, 1912.17, 1886.97, 1861.77, 1836.57, 1811.49, 1786.49, 1761.49, 1736.49, 1711.49, 1686.49, 1661.49, 1636.49, 1611.59, 1586.8, 1562.01, 1538.51, 1515.01, 1494.38, 1476.0, 1459.29, 1444.38, 1429.47, 1413.26, 1397.05, 1384.55, 1372.05, 1359.55, 1347.05, 1334.55, 1322.05, 1309.55, 1297.05, 1284.55, 1272.05, 1259.55, 1247.05, 1234.55, 1222.05, 1168.95, 1164.88, 1163.4, 1163.49, 1164.91, 1166.33, 1167.75, 1169.17, 1169.19, 1169.21, 1169.11, 1168.93, 1168.75, 1168.57, 1168.39, 1168.21],