{"close": [99.1, 89.2, 80.3, 72.3, 65.1, 58.6, 52.8, 47.6, 42.9, 38.7, 34.9, 31.5, 28.4, 31.2, 30.7, 29.3, 30.5, 29.6, 28.5, 27.9, 27.7, 28.2], "volume": [8026.0, 2856.0, 411.0, 1927.0, 25666.0, 38441.0, 30059.0, 31167.0, 75920.0, 1162944.0, 314392.0, 194324.0, 330167.0, 39154817.0, 22346324.0, 20721122.0, 10877032.0, 13499907.0, 10494790.0, 8069900.0, 6271810.0, 7503379.0], "return": [-0.0999091734786558, -0.09989909182643786, -0.09977578475336324, -0.09962640099626396, -0.09958506224066399, -0.09984639016897068, -0.0989761092150171, -0.0984848484848484, -0.09873949579831942, -0.0979020979020978, -0.09819121447028434, -0.09742120343839533, -0.09841269841269851, 0.09859154929577474, -0.01602564102564108, -0.04560260586319209, 0.04095563139931735, -0.02950819672131144, -0.03716216216216217, -0.021052631578947434, -0.007168458781361964, 0.018050541516245522], "ma20": [109.55, 108.505, 107.01500000000001, 105.125, 102.875, 100.3, 97.435, 94.30999999999999, 90.95, 87.38, 83.61999999999999, 79.69, 75.60499999999999, 71.66, 67.68999999999998, 63.65, 59.67, 55.644999999999996, 51.565, 47.455, 43.885000000000005, 40.835], "ma50": [109.87999999999998, 109.462, 108.86599999999999, 108.10999999999999, 107.21, 106.17999999999998, 105.03399999999999, 103.78399999999999, 102.44, 101.01199999999999, 99.508, 97.936, 96.30199999999999, 94.72399999999999, 93.13600000000001, 91.51999999999998, 89.928, 88.318, 86.686, 85.04199999999999, 83.39399999999999, 81.756], "volatility": [0.02234037034740935, 0.030749843259098745, 0.03658396870906657, 0.040958161759729626, 0.044319197995813145, 0.04690986783948048, 0.048769873335153514, 0.050018592354579255, 0.05075050746908504, 0.050929027753358454, 0.05062405918094299, 0.04977921345328408, 0.048442748272824326, 0.05916437264460468, 0.05842128554262021, 0.056815500461506, 0.05984373370166252, 0.058626504493033756, 0.05713061643624424, 0.056077946047089204, 0.05685346027644602, 0.058608224559730165], "rsi": [0.0, 0.0, 0.0, 0.0, 0.0, 0.0, 0.0, 0.0, 0.0, 0.0, 0.0, 0.0, 0.0, 3.3136094674556205, 3.7837837837837753, 4.274809160305338, 6.920415224913498, 7.889546351084817, 8.968609865470867, 10.335917312661508, 12.084592145015108, 15.845070422535215]}