{"close": [3.4, 3.2, 2.9, 2.9, 3.1, 3.4, 3.7, 4.0, 4.4, 4.8, 4.7, 4.3, 3.9, 3.6, 3.5, 3.8, 3.9, 3.8, 3.5, 3.6, 3.4, 3.4, 3.7, 3.4, 3.3, 3.2, 3.2, 3.2, 3.1, 3.1, 3.1, 3.0, 3.0, 3.0, 3.0, 3.0, 3.0, 3.0, 3.0, 3.0, 3.0, 3.0, 3.0, 3.0, 3.0], "volume": [2616219.0, 1560128.0, 4504454.0, 1781670.0, 3726267.0, 3994670.0, 3729436.0, 2123493.0, 987274.0, 1392176.0, 17441683.0, 4669498.0, 5082698.0, 389799.0, 6088360.0, 350443.0, 6147927.0, 1840771.0, 2383091.0, 1353093.0, 1169695.0, 898736.0, 2115904.0, 1412112.0, 1382976.0, 1407046.0, 3166667.0, 2218370.0, 1393388.0, 1894634.0, 634260.0, 937267.0, 0.0, 0.0, 0.0, 0.0, 0.0, 0.0, 0.0, 0.0, 0.0, 0.0, 0.0, 0.0, 0.0], "return": [-0.05555555555555558, -0.05882352941176461, -0.09375000000000011, 0.0, 0.06896551724137945, 0.09677419354838701, 0.08823529411764719, 0.08108108108108092, 0.10000000000000009, 0.09090909090909083, -0.02083333333333326, -0.08510638297872353, -0.09302325581395343, -0.07692307692307687, -0.02777777777777779, 0.08571428571428563, 0.026315789473684292, -0.02564102564102566, -0.07894736842105254, 0.028571428571428692, -0.05555555555555558, 0.0, 0.08823529411764719, -0.08108108108108114, -0.02941176470588236, -0.030303030303030165, 0.0, 0.0, -0.03125, 0.0, 0.0, -0.032258064516129115, 0.0, 0.0, 0.0, 0.0, 0.0, 0.0, 0.0, 0.0, 0.0, 0.0, 0.0, 0.0, 0.0], "ma20": [4.245, 4.180000000000001, 4.1049999999999995, 4.029999999999999, 3.9699999999999998, 3.9200000000000004, 3.8899999999999997, 3.875, 3.8699999999999997, 3.8800000000000003, 3.8899999999999997, 3.8800000000000003, 3.8549999999999995, 3.8200000000000003, 3.775, 3.7550000000000003, 3.7399999999999998, 3.7300000000000004, 3.72, 3.72, 3.72, 3.7299999999999995, 3.7700000000000005, 3.7950000000000004, 3.8050000000000006, 3.7950000000000004, 3.7699999999999996, 3.7299999999999995, 3.6650000000000005, 3.5799999999999996, 3.5, 3.4349999999999996, 3.3899999999999997, 3.3599999999999994, 3.335, 3.2950000000000004, 3.25, 3.21, 3.185, 3.1550000000000002, 3.1350000000000002, 3.115, 3.08, 3.06, 3.0450000000000004], "ma50": [5.2139999999999995, 5.1579999999999995, 5.096, 5.034, 4.972, 4.914, 4.862, 4.8180000000000005, 4.782, 4.752, 4.722, 4.678, 4.63, 4.576, 4.522, 4.474, 4.424, 4.3759999999999994, 4.324, 4.276, 4.226, 4.18, 4.144, 4.104, 4.058, 4.012, 3.968, 3.93, 3.8959999999999995, 3.8659999999999997, 3.84, 3.81, 3.7820000000000005, 3.7540000000000004, 3.728, 3.7, 3.6740000000000004, 3.648, 3.6180000000000003, 3.5860000000000003, 3.556, 3.5260000000000002, 3.498, 3.4720000000000004, 3.4440000000000004], "volatility": [0.030770027873060643, 0.03127597596951458, 0.03574365671622263, 0.03574365671622263, 0.04088674081500897, 0.047342265094223505, 0.05223655990819061, 0.05576971916595552, 0.05939072520463955, 0.06260979046111821, 0.06259054288764089, 0.06569367184663467, 0.06877564353078246, 0.07060461021927712, 0.07039469916864376, 0.07289019708632498, 0.0731744406939453, 0.07260300782689356, 0.07282244719315215, 0.07280849802536193, 0.07280849802536195, 0.07137449206357413, 0.06964145572110922, 0.07282045757486989, 0.07198082158077926, 0.06905623159958013, 0.06581258436234538, 0.06263946443596166, 0.05723420205724473, 0.05165061314349508, 0.05185006396877261, 0.04961902626069651, 0.046336133297637846, 0.043787310958109255, 0.04357263518677977, 0.03783360362335581, 0.03691146425793163, 0.03687197604126147, 0.03327684598547575, 0.03226025420741672, 0.030337126010887245, 0.030337126010887245, 0.020885159017960828, 0.012651767339639375, 0.011460212169237169], "rsi": [23.5294117647059, 21.0526315789474, 10.0, 5.263157894736864, 15.000000000000014, 26.08695652173914, 36.00000000000001, 44.44444444444445, 50.0, 59.37499999999999, 57.57575757575758, 54.285714285714285, 52.77777777777777, 50.0, 51.35135135135135, 57.89473684210525, 63.888888888888886, 62.16216216216217, 55.26315789473684, 52.77777777777778, 45.714285714285715, 40.625, 38.70967741935484, 26.66666666666667, 26.66666666666667, 29.629629629629633, 34.782608695652186, 40.0, 40.0, 29.411764705882362, 25.000000000000014, 25.000000000000014, 30.769230769230774, 25.000000000000014, 30.000000000000014, 30.000000000000014, 0.0, 0.0, 0.0, 0.0, 0.0, 0.0, 0.0, 0.0, 0.0]}