{"close": [2.2, 2.0, 1.9, 1.9, 2.0, 2.2, 2.4, 2.6, 2.8, 3.0, 3.3, 3.1, 2.9, 2.7, 2.6, 2.8, 2.9, 3.0, 2.8, 2.7, 2.6, 2.4, 2.6, 2.6, 2.4, 2.2, 2.2, 2.3, 2.1, 2.1, 2.0, 1.9, 1.9, 1.9, 1.9, 1.9, 1.9, 1.9, 1.9, 1.9, 1.9, 1.9, 1.9, 1.9, 1.9], "volume": [3020475.0, 3334211.0, 3761064.0, 3082585.0, 4661071.0, 2381972.0, 3019362.0, 1066322.0, 370735.0, 962239.0, 23140909.0, 7786264.0, 10011337.0, 1191609.0, 6986445.0, 616044.0, 8279088.0, 3066919.0, 3722081.0, 3289267.0, 1420139.0, 3813367.0, 2162835.0, 2025514.0, 5921604.0, 1329225.0, 2988977.0, 2136737.0, 3172616.0, 1182733.0, 2059654.0, 4421430.0, 0.0, 0.0, 0.0, 0.0, 0.0, 0.0, 0.0, 0.0, 0.0, 0.0, 0.0, 0.0, 0.0], "return": [-0.08333333333333326, -0.09090909090909094, -0.050000000000000044, 0.0, 0.05263157894736836, 0.10000000000000009, 0.09090909090909083, 0.08333333333333348, 0.07692307692307687, 0.0714285714285714, 0.09999999999999987, -0.06060606060606055, -0.06451612903225812, -0.06896551724137923, -0.03703703703703709, 0.07692307692307687, 0.03571428571428581, 0.034482758620689724, -0.06666666666666676, -0.03571428571428559, -0.03703703703703709, -0.07692307692307698, 0.08333333333333348, 0.0, -0.07692307692307698, -0.08333333333333326, 0.0, 0.04545454545454519, -0.08695652173913038, 0.0, -0.04761904761904767, -0.050000000000000044, 0.0, 0.0, 0.0, 0.0, 0.0, 0.0, 0.0, 0.0, 0.0, 0.0, 0.0, 0.0, 0.0], "ma20": [2.7849999999999997, 2.725, 2.6700000000000004, 2.62, 2.57, 2.53, 2.505, 2.4899999999999998, 2.4850000000000003, 2.495, 2.52, 2.5300000000000002, 2.5300000000000002, 2.525, 2.5149999999999997, 2.52, 2.5349999999999997, 2.56, 2.575, 2.59, 2.6100000000000003, 2.63, 2.665, 2.7, 2.7199999999999998, 2.72, 2.71, 2.6950000000000003, 2.6599999999999997, 2.6149999999999998, 2.55, 2.4899999999999998, 2.44, 2.4, 2.365, 2.32, 2.27, 2.215, 2.1700000000000004, 2.13, 2.0949999999999998, 2.07, 2.0349999999999997, 2.0, 1.975], "ma50": [3.4939999999999998, 3.4459999999999997, 3.398, 3.352, 3.3080000000000003, 3.2679999999999993, 3.2319999999999998, 3.1959999999999997, 3.1660000000000004, 3.14, 3.12, 3.0940000000000003, 3.0660000000000003, 3.0380000000000003, 3.008, 2.9840000000000004, 2.96, 2.9420000000000006, 2.92, 2.898, 2.8740000000000006, 2.846, 2.822, 2.798, 2.77, 2.74, 2.7140000000000004, 2.688, 2.66, 2.636, 2.616, 2.59, 2.568, 2.548, 2.526, 2.504, 2.484, 2.464, 2.444, 2.426, 2.408, 2.388, 2.368, 2.35, 2.332], "volatility": [0.03532650684003318, 0.033739302389573976, 0.0330718082521341, 0.033312012693132054, 0.03508511089451052, 0.04399905371997123, 0.04960880601985218, 0.05367212514851341, 0.056654087041527974, 0.05821382643375577, 0.061932953239064926, 0.06355597796219281, 0.06544481947989846, 0.06689492698621523, 0.06741384199817331, 0.06909503523746839, 0.06873141466384758, 0.06808519223059617, 0.07026704233823088, 0.07011928718103477, 0.06765846055484753, 0.06661896298747874, 0.06683868814108923, 0.06683868814108923, 0.06952071658732178, 0.06931447582428756, 0.06610191370315664, 0.06403003497095906, 0.06359027220948581, 0.06057047179913801, 0.054376465605527516, 0.05404439551870563, 0.05334358827480673, 0.05219879628401263, 0.05207431659945817, 0.04763655732304006, 0.046159207072588214, 0.04464018994535027, 0.04357575721674048, 0.043555734114458004, 0.04342376630685494, 0.04095403202866517, 0.034622313975343294, 0.034622313975343294, 0.03151046063849367], "rsi": [11.111111111111128, 9.090909090909093, 8.333333333333343, 9.090909090909093, 16.666666666666686, 23.076923076923094, 33.33333333333333, 43.750000000000014, 50.0, 57.89473684210526, 66.66666666666666, 63.63636363636364, 58.33333333333333, 56.000000000000014, 58.33333333333333, 66.66666666666666, 70.83333333333334, 72.0, 65.38461538461539, 60.0, 54.16666666666667, 45.83333333333332, 45.833333333333336, 40.90909090909091, 28.571428571428584, 28.571428571428584, 31.578947368421055, 38.88888888888888, 36.84210526315789, 29.411764705882362, 23.529411764705884, 17.647058823529406, 20.0, 21.428571428571416, 23.076923076923066, 27.272727272727266, 11.111111111111072, 11.111111111111072, 14.28571428571425, 19.999999999999943, 19.999999999999943, 0.0, 0.0, 0.0, 0.0]}