{"close": [1.7, 1.6, 1.5, 1.4, 1.5, 1.6, 1.7, 1.8, 1.9, 2.0, 2.2, 2.1, 1.9, 1.8, 1.8, 1.9, 2.0, 2.0, 1.9, 1.9, 1.9, 1.9, 1.9, 1.9, 1.8, 1.7, 1.7, 1.8, 1.7, 1.7, 1.7, 1.7, 1.7, 1.7, 1.7, 1.7, 1.7, 1.7, 1.7, 1.7, 1.7, 1.7], "volume": [2401058.0, 3151316.0, 2716925.0, 1342173.0, 3042165.0, 557628.0, 213706.0, 371971.0, 88251.0, 107862.0, 10213800.0, 4076503.0, 1975383.0, 416297.0, 3193367.0, 364566.0, 2230421.0, 1213959.0, 2058260.0, 1309998.0, 482740.0, 1023625.0, 1501460.0, 490725.0, 859938.0, 902479.0, 681624.0, 488873.0, 335492.0, 1035690.0, 158387.0, 338912.0, 0.0, 0.0, 0.0, 0.0, 0.0, 0.0, 0.0, 0.0, 0.0, 0.0], "return": [-0.05555555555555558, -0.05882352941176461, -0.0625, -0.06666666666666676, 0.0714285714285714, 0.06666666666666665, 0.0625, 0.05882352941176472, 0.05555555555555558, 0.05263157894736836, 0.10000000000000009, -0.045454545454545525, -0.09523809523809534, -0.05263157894736836, 0.0, 0.05555555555555558, 0.05263157894736836, 0.0, -0.050000000000000044, 0.0, 0.0, 0.0, 0.0, 0.0, -0.05263157894736836, -0.05555555555555558, 0.0, 0.05882352941176472, -0.05555555555555558, 0.0, 0.0, 0.0, 0.0, 0.0, 0.0, 0.0, 0.0, 0.0, 0.0, 0.0, 0.0, 0.0], "ma20": [2.19, 2.145, 2.1049999999999995, 2.06, 2.0200000000000005, 1.9799999999999998, 1.95, 1.925, 1.9049999999999998, 1.89, 1.89, 1.8800000000000001, 1.8649999999999998, 1.8400000000000003, 1.815, 1.8050000000000002, 1.8050000000000002, 1.8050000000000002, 1.8050000000000002, 1.81, 1.8199999999999998, 1.8350000000000002, 1.855, 1.8800000000000001, 1.895, 1.9, 1.9, 1.9, 1.89, 1.8749999999999996, 1.85, 1.83, 1.8199999999999998, 1.815, 1.8099999999999998, 1.8, 1.7850000000000001, 1.77, 1.7600000000000002, 1.7499999999999996, 1.7399999999999998, 1.73], "ma50": [2.6639999999999997, 2.6340000000000003, 2.6020000000000003, 2.568, 2.536, 2.506, 2.48, 2.454, 2.43, 2.408, 2.39, 2.37, 2.346, 2.32, 2.294, 2.27, 2.248, 2.228, 2.206, 2.184, 2.162, 2.14, 2.12, 2.102, 2.08, 2.058, 2.036, 2.016, 1.996, 1.976, 1.96, 1.9439999999999997, 1.932, 1.92, 1.9080000000000001, 1.8939999999999997, 1.882, 1.87, 1.858, 1.8459999999999999, 1.8359999999999999, 1.8239999999999998], "volatility": [0.03933027279835207, 0.04007815988609236, 0.038902743253003774, 0.039904570579221275, 0.045011598373379015, 0.046992624073924086, 0.05002506614995772, 0.05254550443685127, 0.054579418142561474, 0.0562338349115062, 0.060144423780725466, 0.060099973984974596, 0.06298747610642488, 0.06263546851917716, 0.06263546851917716, 0.06155562272784243, 0.06182913360627865, 0.06182913360627865, 0.06182913360627865, 0.06049549718230604, 0.05884844076882137, 0.056808333527129155, 0.05426268828853366, 0.051044699948748884, 0.05156946048856687, 0.051794662705072596, 0.0499516383939871, 0.0499516383939871, 0.04976473923433988, 0.04795026977977039, 0.04090089215940125, 0.040201152035878054, 0.03481988231060222, 0.03296763880832466, 0.03296763880832466, 0.03004389407720213, 0.02685549331666615, 0.02685549331666615, 0.024976545532055593, 0.024976545532055593, 0.024976545532055593, 0.024976545532055593], "rsi": [19.999999999999957, 18.181818181818144, 16.66666666666663, 15.384615384615344, 23.076923076923038, 23.076923076923066, 30.76923076923076, 30.769230769230774, 35.71428571428572, 46.15384615384615, 57.142857142857146, 53.33333333333334, 50.0, 50.0, 53.33333333333334, 59.999999999999986, 66.66666666666666, 71.42857142857142, 64.28571428571428, 61.538461538461526, 58.33333333333332, 54.54545454545453, 50.0, 44.444444444444436, 25.0, 25.0, 33.33333333333333, 50.0, 42.857142857142854, 33.33333333333336, 20.000000000000014, 20.000000000000014, 25.000000000000014, 25.000000000000014, 25.000000000000014, 25.000000000000014, 25.000000000000014, 25.000000000000014, 33.33333333333333, 50.0, 50.0, 0.0]}