{"close": [7.2, 7.1, 7.1, 7.1, 7.1, 7.0, 7.3, 7.2, 7.2, 7.4, 7.3, 7.4, 7.7, 7.5, 7.4, 8.0, 7.7, 7.7, 7.8, 7.5, 7.4, 7.4, 7.4, 7.4, 7.4, 7.4, 7.4, 7.4, 7.4, 7.4, 7.4, 7.4, 7.4, 7.4], "volume": [1059342.0, 1243333.0, 383577.0, 637591.0, 776769.0, 1042640.0, 1012310.0, 794442.0, 305824.0, 1187331.0, 1293414.0, 1907383.0, 3018056.0, 1536142.0, 672862.0, 4199127.0, 2352711.0, 1369944.0, 1720779.0, 1415684.0, 3383580.0, 0.0, 0.0, 0.0, 0.0, 0.0, 0.0, 0.0, 0.0, 0.0, 0.0, 0.0, 0.0, 0.0], "return": [-0.013698630136986245, -0.01388888888888895, 0.0, 0.0, 0.0, -0.014084507042253502, 0.04285714285714293, -0.013698630136986245, 0.0, 0.0277777777777779, -0.013513513513513598, 0.013698630136986356, 0.04054054054054057, -0.025974025974025983, -0.013333333333333308, 0.08108108108108092, -0.03749999999999998, 0.0, 0.01298701298701288, -0.038461538461538436, -0.013333333333333308, 0.0, 0.0, 0.0, 0.0, 0.0, 0.0, 0.0, 0.0, 0.0, 0.0, 0.0, 0.0, 0.0], "ma20": [7.185, 7.195, 7.209999999999999, 7.225, 7.225, 7.225, 7.245, 7.260000000000001, 7.265000000000001, 7.279999999999999, 7.265000000000001, 7.26, 7.275, 7.290000000000001, 7.295, 7.325, 7.340000000000001, 7.3549999999999995, 7.375, 7.385, 7.3950000000000005, 7.410000000000001, 7.425, 7.4399999999999995, 7.455, 7.475, 7.480000000000001, 7.489999999999999, 7.5, 7.5, 7.505, 7.505000000000001, 7.49, 7.484999999999999], "ma50": [8.277999999999999, 8.162, 8.05, 7.956, 7.8580000000000005, 7.768000000000001, 7.706, 7.662000000000001, 7.61, 7.561999999999999, 7.497999999999999, 7.444000000000001, 7.39, 7.336, 7.297999999999999, 7.281999999999999, 7.275999999999999, 7.266, 7.262, 7.254, 7.254, 7.25, 7.242000000000001, 7.247999999999999, 7.257999999999999, 7.266, 7.271999999999999, 7.2780000000000005, 7.287999999999999, 7.298000000000001, 7.312, 7.321999999999999, 7.3340000000000005, 7.346], "volatility": [0.023822038499766534, 0.023313530455810954, 0.023007562760766338, 0.023007562760766338, 0.020807686153043896, 0.020807686153043896, 0.022563048837762893, 0.022866624446735012, 0.02199298594938501, 0.022794125334667743, 0.016433327989288884, 0.016560449671357804, 0.018623333248212515, 0.01853779196656088, 0.018633856384811607, 0.02579575895767015, 0.027429217912747498, 0.027429217912747498, 0.027524527662133504, 0.028845304193547798, 0.028835128164546912, 0.028604798858332173, 0.028604798858332173, 0.028604798858332173, 0.028604798858332173, 0.02834847880051352, 0.026765123700169535, 0.02654317432130122, 0.02654317432130122, 0.025823730349019056, 0.025618992969536212, 0.025443726680502408, 0.023618591479740273, 0.022918891239046394], "rsi": [60.0, 56.24999999999998, 50.0, 50.0, 22.222222222222243, 22.222222222222243, 45.45454545454543, 50.0, 44.444444444444464, 50.0, 45.45454545454543, 50.0, 59.999999999999986, 56.25, 56.25, 71.42857142857144, 62.50000000000001, 62.50000000000001, 64.0, 59.25925925925926, 52.000000000000014, 54.16666666666667, 54.16666666666667, 50.0, 52.380952380952394, 50.0, 41.17647058823528, 46.66666666666667, 50.0, 12.499999999999972, 19.99999999999997, 19.99999999999997, 0.0, 0.0]}