{"close": [3.8, 3.6, 3.3, 3.1, 3.4, 3.7, 4.0, 4.4, 4.8, 5.2, 5.7, 5.2, 4.7, 4.3, 4.0, 4.4, 4.3, 4.1, 3.8, 3.8, 3.6, 3.5, 3.8, 3.6, 3.5, 3.5, 3.4, 3.4, 3.2, 3.2, 3.1, 3.0, 3.0, 3.0, 3.0, 3.0, 3.0, 3.0, 3.0, 3.0, 3.0, 3.0, 3.0, 3.0, 3.0], "volume": [1192503.0, 1038475.0, 969061.0, 2068986.0, 1312044.0, 3013058.0, 1774090.0, 1235189.0, 587314.0, 658967.0, 10436693.0, 1269063.0, 216218.0, 27694.0, 3673866.0, 1806771.0, 3669535.0, 2311077.0, 1641147.0, 2206684.0, 943467.0, 1255480.0, 1934878.0, 586785.0, 1243383.0, 401428.0, 973755.0, 600798.0, 1107308.0, 526407.0, 1118071.0, 686289.0, 0.0, 0.0, 0.0, 0.0, 0.0, 0.0, 0.0, 0.0, 0.0, 0.0, 0.0, 0.0, 0.0], "return": [-0.07317073170731703, -0.05263157894736836, -0.08333333333333337, -0.06060606060606055, 0.09677419354838701, 0.08823529411764719, 0.08108108108108092, 0.10000000000000009, 0.09090909090909083, 0.08333333333333348, 0.09615384615384626, -0.08771929824561409, -0.09615384615384615, -0.08510638297872353, -0.06976744186046513, 0.10000000000000009, -0.022727272727272818, -0.04651162790697683, -0.07317073170731703, 0.0, -0.05263157894736836, -0.02777777777777779, 0.08571428571428563, -0.05263157894736836, -0.02777777777777779, 0.0, -0.02857142857142858, 0.0, -0.05882352941176461, 0.0, -0.03125, -0.032258064516129115, 0.0, 0.0, 0.0, 0.0, 0.0, 0.0, 0.0, 0.0, 0.0, 0.0, 0.0, 0.0, 0.0], "ma20": [5.15, 5.050000000000001, 4.94, 4.825, 4.725, 4.635, 4.565, 4.52, 4.485, 4.47, 4.485, 4.470000000000001, 4.430000000000001, 4.375, 4.305000000000001, 4.279999999999999, 4.255000000000001, 4.225, 4.194999999999999, 4.18, 4.17, 4.165, 4.1899999999999995, 4.215, 4.22, 4.209999999999999, 4.18, 4.130000000000001, 4.05, 3.95, 3.8200000000000003, 3.71, 3.625, 3.56, 3.5100000000000002, 3.4400000000000004, 3.375, 3.3200000000000003, 3.2800000000000002, 3.2399999999999998, 3.21, 3.1849999999999996, 3.145, 3.1149999999999998, 3.09], "ma50": [6.666, 6.577999999999999, 6.481999999999999, 6.3839999999999995, 6.29, 6.2, 6.117999999999999, 6.04, 5.974000000000001, 5.912000000000001, 5.858, 5.791999999999999, 5.715999999999999, 5.636, 5.553999999999999, 5.478000000000001, 5.398, 5.318, 5.234, 5.154, 5.07, 4.984, 4.914, 4.846, 4.7780000000000005, 4.712, 4.644, 4.58, 4.518, 4.46, 4.412, 4.36, 4.31, 4.262, 4.214, 4.164000000000001, 4.1160000000000005, 4.07, 4.02, 3.97, 3.9219999999999997, 3.872, 3.822, 3.7740000000000005, 3.7260000000000004], "volatility": [0.03373140151014562, 0.03347589679174476, 0.03621147386948998, 0.037050260181644826, 0.04596638480931684, 0.05149967933699756, 0.056096638660962886, 0.061525489056821855, 0.06465167121344792, 0.06759701121946429, 0.07079581026841288, 0.07366060684074484, 0.07671787206290004, 0.07875297825380784, 0.07989798412146595, 0.08125426406903409, 0.08128317134293599, 0.08179122906997163, 0.0821786324116955, 0.08078404042634733, 0.07994070064771269, 0.07926478059635339, 0.07874846973052145, 0.07839152890319956, 0.07608196088949508, 0.07346407213170993, 0.07113033808991592, 0.06668331009686375, 0.06297474671923216, 0.058500629340253456, 0.05142302013975989, 0.0495361763383628, 0.04696563324367829, 0.04466652342138144, 0.04301494486328757, 0.03400561356481631, 0.03423310916878959, 0.03371909577476995, 0.03092437792280891, 0.03092437792280891, 0.029425151689184827, 0.02912980562926875, 0.019412552329595194, 0.016965821506292344, 0.016471815257112048], "rsi": [13.636363636363626, 13.043478260869563, 4.166666666666643, 3.8461538461538254, 14.285714285714278, 20.0, 27.272727272727266, 36.11111111111111, 42.49999999999999, 53.84615384615384, 60.465116279069775, 55.319148936170215, 53.06122448979591, 51.99999999999999, 51.99999999999999, 57.69230769230769, 60.0, 59.99999999999999, 54.0, 51.063829787234035, 45.652173913043484, 39.53488372093023, 38.095238095238095, 30.0, 19.444444444444443, 22.58064516129032, 25.925925925925924, 30.434782608695656, 31.818181818181827, 16.666666666666657, 16.666666666666657, 17.647058823529406, 21.42857142857143, 21.42857142857143, 24.999999999999986, 27.272727272727266, 0.0, 0.0, 0.0, 0.0, 0.0, 0.0, 0.0, 0.0, 0.0]}