{"close": [1.8, 1.7, 1.6, 1.5, 1.6, 1.7, 1.8, 1.9, 2.0, 2.2, 2.2, 2.0, 1.8, 1.7, 1.7, 1.8, 1.9, 1.9, 1.8, 1.8, 1.7, 1.7, 1.8, 1.7, 1.7, 1.6, 1.6, 1.6, 1.6, 1.6, 1.6, 1.5, 1.5, 1.5, 1.5, 1.5, 1.5, 1.5, 1.5, 1.5, 1.5, 1.5, 1.5, 1.5, 1.5], "volume": [900119.0, 438144.0, 146020.0, 154607.0, 2414980.0, 2599337.0, 292302.0, 732765.0, 203034.0, 216738.0, 11259557.0, 2289508.0, 1528029.0, 697664.0, 2764470.0, 625254.0, 323069.0, 2762778.0, 1369712.0, 697017.0, 1852703.0, 358305.0, 705677.0, 795202.0, 124000.0, 1335060.0, 748884.0, 305264.0, 545623.0, 365780.0, 194895.0, 283056.0, 0.0, 0.0, 0.0, 0.0, 0.0, 0.0, 0.0, 0.0, 0.0, 0.0, 0.0, 0.0, 0.0], "return": [-0.05263157894736836, -0.05555555555555558, -0.05882352941176461, -0.0625, 0.06666666666666665, 0.0625, 0.05882352941176472, 0.05555555555555558, 0.05263157894736836, 0.10000000000000009, 0.0, -0.09090909090909094, -0.09999999999999998, -0.05555555555555558, 0.0, 0.05882352941176472, 0.05555555555555558, 0.0, -0.05263157894736836, 0.0, -0.05555555555555558, 0.0, 0.05882352941176472, -0.05555555555555558, 0.0, -0.05882352941176461, 0.0, 0.0, 0.0, 0.0, 0.0, -0.0625, 0.0, 0.0, 0.0, 0.0, 0.0, 0.0, 0.0, 0.0, 0.0, 0.0, 0.0, 0.0, 0.0], "ma20": [2.16, 2.12, 2.075, 2.0300000000000002, 1.9900000000000002, 1.9549999999999996, 1.9300000000000002, 1.9100000000000001, 1.895, 1.8900000000000001, 1.89, 1.8849999999999998, 1.875, 1.8599999999999999, 1.845, 1.8349999999999997, 1.8299999999999996, 1.83, 1.825, 1.8199999999999998, 1.815, 1.8150000000000002, 1.825, 1.8350000000000002, 1.8399999999999999, 1.8350000000000002, 1.825, 1.81, 1.7899999999999998, 1.7599999999999998, 1.73, 1.705, 1.69, 1.6800000000000002, 1.67, 1.655, 1.6350000000000002, 1.6150000000000002, 1.6, 1.585, 1.575, 1.565, 1.55, 1.54, 1.53], "ma50": [2.602, 2.576, 2.548, 2.518, 2.49, 2.464, 2.44, 2.4179999999999997, 2.4, 2.384, 2.366, 2.346, 2.322, 2.296, 2.27, 2.246, 2.224, 2.2039999999999997, 2.182, 2.16, 2.138, 2.116, 2.096, 2.074, 2.052, 2.028, 2.004, 1.982, 1.96, 1.9379999999999997, 1.92, 1.9, 1.88, 1.862, 1.844, 1.8260000000000003, 1.81, 1.794, 1.778, 1.7620000000000002, 1.7480000000000002, 1.7360000000000002, 1.7260000000000002, 1.7160000000000002, 1.7060000000000002], "volatility": [0.022575025163100244, 0.023877540287578942, 0.025032240256496297, 0.026365168237597884, 0.03283216486665435, 0.037441988942477696, 0.04049500417121728, 0.04313761889426698, 0.0452454074674217, 0.05109055063199698, 0.050103168889729814, 0.05326127540075283, 0.056837363226631445, 0.05799222822955127, 0.05799222822955127, 0.059802124115415745, 0.061248410588689836, 0.06014372376904091, 0.06136245527552546, 0.06136245527552546, 0.06149552772942971, 0.06014372376904091, 0.05966097402623907, 0.059250249432436716, 0.057626626317757224, 0.05759935834908047, 0.055834955259507095, 0.05404952237595729, 0.0522360092357935, 0.04552912892990255, 0.04552912892990255, 0.043423850212429844, 0.03838940107608272, 0.036771371796350254, 0.036771371796350254, 0.03356008177992111, 0.030096598945233654, 0.030096598945233654, 0.02855508419660113, 0.02855508419660113, 0.026374059492458808, 0.026374059492458808, 0.02162913097823511, 0.018680819987934118, 0.018680819987934118], "rsi": [0.0, 0.0, 0.0, 0.0, 12.500000000000014, 25.0, 37.5, 44.444444444444436, 50.0, 58.33333333333334, 58.33333333333334, 53.846153846153854, 46.666666666666664, 43.75, 46.666666666666664, 53.33333333333334, 59.999999999999986, 64.28571428571428, 57.14285714285714, 53.846153846153854, 46.15384615384615, 41.66666666666667, 41.66666666666667, 27.272727272727266, 27.272727272727266, 30.0, 37.5, 42.85714285714287, 42.85714285714287, 33.33333333333333, 20.000000000000014, 16.666666666666686, 20.000000000000014, 20.000000000000014, 25.000000000000014, 25.000000000000014, 0.0, 0.0, 0.0, 0.0, 0.0, 0.0, 0.0, 0.0, 0.0]}