{"close": [7.0, 6.9, 7.1, 7.1, 7.0, 7.1, 7.1, 7.0, 7.0, 6.9, 7.0, 7.1, 7.4, 7.5, 7.3, 7.9, 7.5, 7.7, 7.7, 7.4, 7.2, 7.2, 7.2, 7.2, 7.2, 7.2, 7.2, 7.4, 7.5, 7.5, 7.5, 7.4, 7.3, 7.2, 7.2, 7.2, 7.1, 6.9, 6.7, 6.8, 6.9, 6.9, 6.9, 7.1, 7.0, 7.0, 6.9, 7.0, 7.1, 7.1, 7.1, 7.2, 7.1, 7.1, 7.2, 7.2, 7.3, 7.4, 7.4, 7.4, 7.3, 7.2, 7.1, 7.1, 7.1, 7.1, 7.1, 7.1, 7.1, 7.1, 7.1, 7.1, 7.1, 7.1, 7.1, 7.1], "volume": [63112.0, 302333.0, 7724.0, 18614.0, 108286.0, 400218.0, 67094.0, 180009.0, 4125.0, 209278.0, 30488.0, 150436.0, 571962.0, 176816.0, 436637.0, 1092977.0, 794794.0, 213794.0, 585604.0, 142185.0, 636707.0, 0.0, 0.0, 0.0, 0.0, 0.0, 0.0, 5124.0, 93571.0, 139892.0, 95107.0, 83044.0, 37610.0, 3001.0, 45618.0, 3500.0, 101532.0, 79291.0, 16902.0, 10057.0, 6002.0, 15401.0, 38400.0, 31000.0, 471819.0, 195315.0, 245391.0, 75484.0, 172755.0, 116450.0, 62318.0, 258745.0, 74446.0, 18500.0, 54075.0, 7895.0, 61013.0, 218631.0, 31902.0, 76202.0, 71181.0, 75122.0, 139889.0, 755671.0, 0.0, 0.0, 0.0, 0.0, 0.0, 0.0, 0.0, 0.0, 0.0, 0.0, 0.0, 0.0], "return": [0.0, -0.014285714285714235, 0.02898550724637672, 0.0, -0.014084507042253502, 0.014285714285714235, 0.0, -0.014084507042253502, 0.0, -0.014285714285714235, 0.014492753623188248, 0.014285714285714235, 0.04225352112676073, 0.013513513513513375, -0.026666666666666727, 0.08219178082191791, -0.05063291139240511, 0.026666666666666616, 0.0, -0.038961038961038974, -0.027027027027027084, 0.0, 0.0, 0.0, 0.0, 0.0, 0.0, 0.0277777777777779, 0.013513513513513375, 0.0, 0.0, -0.013333333333333308, -0.013513513513513598, -0.013698630136986245, 0.0, 0.0, -0.01388888888888895, -0.028169014084506894, -0.02898550724637683, 0.014925373134328401, 0.014705882352941346, 0.0, 0.0, 0.02898550724637672, -0.014084507042253502, 0.0, -0.014285714285714235, 0.014492753623188248, 0.014285714285714235, 0.0, 0.0, 0.014084507042253502, -0.01388888888888895, 0.0, 0.014084507042253502, 0.0, 0.01388888888888884, 0.013698630136986356, 0.0, 0.0, -0.013513513513513598, -0.013698630136986245, -0.01388888888888895, 0.0, 0.0, 0.0, 0.0, 0.0, 0.0, 0.0, 0.0, 0.0, 0.0, 0.0, 0.0, 0.0], "ma20": [6.964999999999999, 6.970000000000001, 6.975, 6.985000000000001, 6.99, 7.005, 7.015000000000001, 7.025, 7.029999999999999, 7.029999999999999, 7.0200000000000005, 7.0200000000000005, 7.040000000000001, 7.065, 7.08, 7.125, 7.15, 7.1850000000000005, 7.215000000000001, 7.235000000000001, 7.245, 7.260000000000001, 7.265000000000001, 7.269999999999999, 7.279999999999999, 7.284999999999999, 7.290000000000001, 7.31, 7.334999999999999, 7.364999999999999, 7.389999999999999, 7.404999999999999, 7.4, 7.385, 7.380000000000001, 7.345000000000001, 7.325, 7.284999999999999, 7.234999999999999, 7.205, 7.19, 7.175, 7.159999999999999, 7.155000000000001, 7.1450000000000005, 7.135000000000001, 7.119999999999999, 7.1, 7.080000000000001, 7.0600000000000005, 7.040000000000001, 7.029999999999999, 7.0200000000000005, 7.015000000000001, 7.014999999999999, 7.015000000000001, 7.025, 7.05, 7.085000000000001, 7.115, 7.135, 7.15, 7.160000000000001, 7.159999999999999, 7.164999999999999, 7.169999999999999, 7.1800000000000015, 7.1850000000000005, 7.185, 7.185, 7.185, 7.1800000000000015, 7.18, 7.18, 7.175, 7.169999999999999], "ma50": [6.994, 6.992000000000001, 6.994, 6.996, 6.998000000000001, 7.0, 7.0, 6.997999999999999, 6.994, 6.99, 6.9879999999999995, 6.99, 6.995999999999999, 7.005999999999999, 7.01, 7.026, 7.0360000000000005, 7.048000000000001, 7.06, 7.068, 7.07, 7.074, 7.077999999999999, 7.081999999999999, 7.085999999999999, 7.0920000000000005, 7.098000000000001, 7.108, 7.12, 7.132, 7.146, 7.158, 7.164, 7.17, 7.176, 7.184, 7.188000000000001, 7.19, 7.186, 7.184, 7.178, 7.1739999999999995, 7.172, 7.1739999999999995, 7.1739999999999995, 7.1739999999999995, 7.172, 7.172, 7.172000000000001, 7.1739999999999995, 7.176, 7.1819999999999995, 7.182, 7.1819999999999995, 7.186, 7.188000000000001, 7.192, 7.2, 7.207999999999999, 7.218000000000001, 7.224000000000001, 7.226, 7.22, 7.212000000000001, 7.208000000000001, 7.191999999999999, 7.184, 7.172, 7.16, 7.154000000000001, 7.151999999999999, 7.15, 7.148, 7.146, 7.144000000000001, 7.1419999999999995], "volatility": [0.015486791823994484, 0.015886946112213075, 0.01584684626379517, 0.015446690589533563, 0.01583680747614084, 0.01567720368511697, 0.015406071240857012, 0.015383963735508287, 0.015070900031299472, 0.015445983540461975, 0.012176651789369154, 0.012277492006513947, 0.015016226176986688, 0.01518253635386183, 0.016615318948207697, 0.024383296432921336, 0.027504931021409867, 0.027953287875313, 0.027889786025555516, 0.02927896096129028, 0.030047263575568212, 0.0298128232976374, 0.029157239704557907, 0.029157239704557907, 0.028940541798566075, 0.028792115620799648, 0.028792115620799648, 0.029150523596139115, 0.02922943229340521, 0.02893584073233011, 0.028855636660485, 0.028990283856087797, 0.027610981350725997, 0.027563670107837595, 0.026929262085052245, 0.018676727794533075, 0.01541884410997478, 0.014799389132316446, 0.01564163331573107, 0.014404978365914997, 0.013926804286073237, 0.013926804286073237, 0.013926804286073237, 0.015561739136589247, 0.015849937021501156, 0.015849937021501156, 0.016108610790275264, 0.015055444798576255, 0.015100047630041502, 0.015100047630041502, 0.015100047630041502, 0.01531999861517735, 0.01533602572417565, 0.015055346600218036, 0.015409689778266957, 0.015409689778266957, 0.01533288421352014, 0.01385563772922088, 0.01160081920418121, 0.011410249470608376, 0.011793869716529085, 0.012354816725964902, 0.012864934232140303, 0.011121051305389543, 0.010612631810854924, 0.010612631810854924, 0.010010116770767566, 0.009531453113082955, 0.008983437915984273, 0.008983437915984273, 0.008983437915984273, 0.008354414868879076, 0.00775302823288527, 0.00775302823288527, 0.007013489631836241, 0.007013489631836241], "rsi": [55.55555555555553, 55.55555555555559, 59.999999999999986, 59.999999999999986, 37.49999999999996, 50.0, 57.14285714285714, 50.0, 50.0, 44.44444444444444, 50.0, 54.54545454545455, 61.53846153846158, 69.23076923076927, 60.000000000000014, 75.00000000000003, 59.0909090909091, 62.50000000000001, 65.21739130434783, 56.000000000000014, 51.85185185185187, 53.846153846153854, 53.846153846153854, 55.99999999999999, 54.166666666666664, 52.17391304347827, 44.99999999999999, 47.619047619047635, 55.0, 35.71428571428571, 50.0, 33.33333333333333, 29.999999999999986, 37.499999999999986, 50.0, 50.0, 42.85714285714281, 33.33333333333333, 27.272727272727266, 33.333333333333314, 38.46153846153846, 27.272727272727266, 20.000000000000014, 33.333333333333314, 30.76923076923076, 33.333333333333314, 33.33333333333333, 41.66666666666665, 46.15384615384613, 46.15384615384613, 50.0, 63.63636363636364, 69.99999999999999, 66.66666666666666, 66.66666666666666, 66.66666666666666, 69.99999999999999, 66.6666666666667, 75.0, 75.0, 74.99999999999991, 62.49999999999998, 50.0, 50.0, 50.0, 42.85714285714284, 50.0, 50.0, 39.999999999999964, 39.999999999999964, 25.000000000000057, 0.0, 0.0, 0.0, 0.0, 0.0]}